﻿<?xml version="1.0" encoding="utf-8"?>
<manifest identifier="_64DZqOo4NIz_course_id" version="1.0" xmlns="http://www.imsproject.org/xsd/imscp_rootv1p1p2" xmlns:adlcp="http://www.adlnet.org/xsd/adlcp_rootv1p2" xmlns:xsi="http://www.w3.org/2001/XMLSchema-instance" xsi:schemaLocation="http://www.imsproject.org/xsd/imscp_rootv1p1p2 imscp_rootv1p1p2.xsd http://www.imsglobal.org/xsd/imsmd_rootv1p2p1 imsmd_rootv1p2p1.xsd http://www.adlnet.org/xsd/adlcp_rootv1p2 adlcp_rootv1p2.xsd">
  <metadata>
    <schema>ADL SCORM</schema>
    <schemaversion>1.2</schemaversion>
    <lom xmlns="http://www.imsglobal.org/xsd/imsmd_rootv1p2p1" xmlns:xsi="http://www.w3.org/2001/XMLSchema-instance" xsi:schemaLocation="http://www.imsglobal.org/xsd/imsmd_rootv1p2p1 imsmd_rootv1p2p1.xsd">
      <general>
        <title>
          <langstring xml:lang="x-none">Datenschutz in der Sozialen Arbeit</langstring>
        </title>
      </general>
      <lifecycle>
        <version>
          <langstring xml:lang="x-none">1</langstring>
        </version>
        <status>
          <source>
            <langstring xml:lang="x-none">LOMv1.0</langstring>
          </source>
          <value>
            <langstring xml:lang="x-none">Final</langstring>
          </value>
        </status>
      </lifecycle>
      <metametadata>
        <metadatascheme>ADL SCORM 1.2</metadatascheme>
      </metametadata>
      <educational>
        <typicallearningtime>
          <datetime>PT0H0M0S</datetime>
        </typicallearningtime>
      </educational>
      <rights>
        <cost>
          <source>
            <langstring xml:lang="x-none">LOMv1.0</langstring>
          </source>
          <value>
            <langstring xml:lang="x-none">yes</langstring>
          </value>
        </cost>
        <copyrightandotherrestrictions>
          <source>
            <langstring xml:lang="x-none">LOMv1.0</langstring>
          </source>
          <value>
            <langstring xml:lang="x-none">yes</langstring>
          </value>
        </copyrightandotherrestrictions>
      </rights>
    </lom>
  </metadata>
  <organizations default="Datenschutz_in_der_Sozialen_Arbeit_ORG">
    <organization identifier="Datenschutz_in_der_Sozialen_Arbeit_ORG">
      <title>Datenschutz in der Sozialen Arbeit</title>
      <item identifier="Refresher-Datenschutz_SCO" isvisible="true" identifierref="__64DZqOo4NIz_course_id_RES">
        <title>Datenschutz in der Sozialen Arbeit</title>
        <adlcp:masteryscore>80</adlcp:masteryscore>
      </item>
    </organization>
  </organizations>
  <resources>
    <resource identifier="__64DZqOo4NIz_course_id_RES" type="webcontent" href="index_lms.html" adlcp:scormtype="sco">
      <file href="story_content/thumbnail.jpg" />
      <file href="mobile/6WbExKPzlTJ_10_P_0_138_2048_1152_DX1440_DY1440_CX1508_CY849.jpg" />
      <file href="mobile/5rqNuWR5QNJ_10_DX618_DY618_CX647_CY581.png" />
      <file href="mobile/6esq8diACmO_10_DX130_DY130_CX135_CY130.jpg" />
      <file href="mobile/6UIV2bm3e4l_10_DX76_DY76_CX54_CY78.png" />
      <file href="mobile/61Wf0ILzEZX_10_DX40_DY40_CX22_CY41.png" />
      <file href="story_content/5uX26K1UEYG_44100_16_0.mp3" />
      <file href="mobile/5iiT303Yp5g_10_DX40_DY40_CX41_CY41.png" />
      <file href="mobile/5oEU2vwsyen_10_DX42_DY42_CX43_CY41.png" />
      <file href="mobile/6GgPn4b584M_10_DX68_DY68_CX54_CY11.png" />
      <file href="mobile/6lOpLdigENt_10_P_0_150_1557_889_DX1012_DY1012_CX844_CY482.jpg" />
      <file href="story_content/5eB9FrozUY5_44100_16_0.mp3" />
      <file href="mobile/5kn6AOQkukA_10_P_0_150_1557_889_DX1012_DY1012_CX844_CY482.jpg" />
      <file href="story_content/6ncs6HYKJ5M_44100_16_0.mp3" />
      <file href="story_content/6d5eh4yd6Av_44100_16_0.mp3" />
      <file href="mobile/6mFaN6Q5RMY_10_P_0_139_2048_1152_DX1440_DY1440_CX1508_CY849.jpg" />
      <file href="story_content/5kOwQewXXYC_44100_16_0.mp3" />
      <file href="story_content/659u2Il1NNE_44100_16_0.mp3" />
      <file href="story_content/6nWClGPPblh_44100_16_0.mp3" />
      <file href="story_content/6e0AluPf8HS_44100_16_0.mp3" />
      <file href="mobile/6AuBbNMowGN_10_P_674_226_466_288_DX956_DY956_CX220_CY136.jpg" />
      <file href="mobile/5lXAh96E92a_10_P_647_249_393_245_DX1132_DY1132_CX218_CY136.jpg" />
      <file href="mobile/5XRaKZ9pM6W_10_P_726_246_442_273_DX1008_DY1008_CX220_CY136.jpg" />
      <file href="mobile/6OZeAnZTIcb_10_P_743_290_462_281_DX962_DY962_CX220_CY134.jpg" />
      <file href="mobile/5wQcjd744N9_10_P_898_229_437_266_DX1018_DY1018_CX220_CY134.jpg" />
      <file href="story_content/6n7r6JosEFJ_44100_16_0.mp3" />
      <file href="story_content/5mXKAe4Hwjo_44100_16_0.mp3" />
      <file href="mobile/5mxmbkcsqAe_10_P_0_189_2048_1152_DX1458_DY1458_CX1528_CY860.jpg" />
      <file href="story_content/6gq6J1yT6Rm_44100_16_0.mp3" />
      <file href="mobile/6mPxRxfwkUb_10_DX1448_DY1448_CX690_CY1518.png" />
      <file href="story_content/6ZCPTb2N5nu_44100_16_0.mp3" />
      <file href="mobile/6DTbHGLkyLO_X_10_DX1212_DY1212_CX400_CY1270.png" />
      <file href="mobile/5xvtI61TJI6_X_10_DX1150_DY1150_CX434_CY1206.png" />
      <file href="mobile/5ebyAiJAnfE_10_DX1150_DY1150_CX400_CY1203.png" />
      <file href="story_content/6qe5M8T2NrD_44100_16_0.mp3" />
      <file href="story_content/5dQvxTtJNnQ_44100_16_0.mp3" />
      <file href="mobile/6Yn5QOP11M5_X_10_DX1150_DY1150_CX432_CY1204.png" />
      <file href="story_content/60oaaTK2s6j_44100_16_0.mp3" />
      <file href="story_content/5yhEKuWPmCC_44100_16_0.mp3" />
      <file href="mobile/6AQvmj4UBwo_10_DX1150_DY1150_CX406_CY1206.png" />
      <file href="story_content/6PiQ5UsDYsb_44100_16_0.mp3" />
      <file href="story_content/5Yk9aP7eWt9_44100_16_0.mp3" />
      <file href="mobile/6lGGtHQFaFc_10_P_0_219_2048_1145_DX1448_DY1448_CX1518_CY849.jpg" />
      <file href="story_content/5YdkYSU4olI_44100_16_0.mp3" />
      <file href="mobile/6iBimtv0Aly_10_DX1150_DY1150_CX417_CY1205.png" />
      <file href="story_content/6eFECC84VDb_44100_16_0.mp3" />
      <file href="mobile/5qpPH65FPkV_10_DX170_DY170_CX178_CY146.png" />
      <file href="story_content/5phZFR1j3Wa_44100_16_0.mp3" />
      <file href="mobile/5g38pEsTug5_X_10_DX1150_DY1150_CX396_CY1201.png" />
      <file href="story_content/6BoLegRgeGe_44100_16_0.mp3" />
      <file href="story_content/6esKIOLA7Lw_44100_16_0.mp3" />
      <file href="mobile/6CVY4KwJfPS_10_DX424_DY424_CX430_CY444.png" />
      <file href="story_content/6gJeoT6KjoA_44100_16_0.mp3" />
      <file href="story_content/5mxcPayyGGV_44100_16_0.mp3" />
      <file href="mobile/65C6EnMVukY_10_P_0_100_2048_1158_DX1440_DY1440_CX1510_CY854.jpg" />
      <file href="story_content/5pwpC29cssv_44100_16_0.mp3" />
      <file href="mobile/5YLTwwoHJVy_10_DX1448_DY1448_CX521_CY1519.png" />
      <file href="story_content/61OqtvRlOtx_44100_16_0.mp3" />
      <file href="mobile/6m3bo0VdMlp_10_DX1150_DY1150_CX455_CY1201.png" />
      <file href="story_content/5xJL5DZ45HJ_44100_16_0.mp3" />
      <file href="story_content/5ik7yZ8i6h9_44100_16_0.mp3" />
      <file href="mobile/6CbwM8k2z3M_10_DX1150_DY1150_CX583_CY1205.png" />
      <file href="story_content/68nikEPz2XA_44100_16_0.mp3" />
      <file href="story_content/5rAo5js5VrK_44100_16_0.mp3" />
      <file href="story_content/5yRHTNWIPjm_44100_16_0.mp3" />
      <file href="mobile/5j0D2nv0dRO_10_P_0_206_2048_1158_DX1440_DY1440_CX1510_CY854.jpg" />
      <file href="story_content/6PiabGFs4gZ_44100_16_0.mp3" />
      <file href="mobile/6hAHHSbgaBO_10_DX1150_DY1150_CX337_CY1198.png" />
      <file href="mobile/5lclP1q6jZ3_10_DX1212_DY1212_CX325_CY1265.png" />
      <file href="story_content/6ngrbOs1atZ_44100_16_0.mp3" />
      <file href="story_content/6AfUuseF3J5_44100_16_0.mp3" />
      <file href="mobile/5x3FzuzJsuT_10_DX1150_DY1150_CX457_CY1203.png" />
      <file href="story_content/6rB1dZ6JzmO_44100_16_0.mp3" />
      <file href="story_content/6S7WpPirJUr_44100_16_0.mp3" />
      <file href="story_content/6VaLT6XzebR_44100_16_0.mp3" />
      <file href="mobile/5ht5478e7qL_10_P_0_206_2048_1158_DX1440_DY1440_CX1510_CY854.jpg" />
      <file href="story_content/6IJP25QZNmd_44100_16_0.mp3" />
      <file href="mobile/61B0YBisJif_10_DX1408_DY1408_CX459_CY1473.png" />
      <file href="story_content/6Vg2t4YkLlD_44100_16_0.mp3" />
      <file href="mobile/6H1uyd0MtZC_10_DX1150_DY1150_CX535_CY1205.png" />
      <file href="story_content/61puslzHu1A_44100_16_0.mp3" />
      <file href="story_content/6e8YHkfl4My_44100_16_0.mp3" />
      <file href="mobile/5tVtKaP7FrT_X_10_DX1150_DY1150_CX365_CY1204.png" />
      <file href="story_content/6nuRZKYaSkH_44100_16_0.mp3" />
      <file href="story_content/6DoRhMAgGQN_44100_16_0.mp3" />
      <file href="story_content/5uu01YofL2N_44100_16_0.mp3" />
      <file href="story_content/5dFIK9GbJyl_44100_16_0.mp3" />
      <file href="mobile/5wocMFf0fV1_10_DX1150_DY1150_CX449_CY1204.png" />
      <file href="story_content/5vmM0UMNDOx_44100_16_0.mp3" />
      <file href="mobile/5bfe9NyM8UG_10_DX274_DY274_CX220_CY285.png" />
      <file href="story_content/6k8xKfDPZ4p_44100_16_0.mp3" />
      <file href="mobile/5VCAn8VGhX8_X_10_DX1150_DY1150_CX438_CY1201.png" />
      <file href="story_content/5gV5m3Yw7Tx_44100_16_0.mp3" />
      <file href="mobile/5n6SiUZkX24_10_DX1150_DY1150_CX407_CY1205.png" />
      <file href="story_content/6CW5Xv5vBkV_44100_16_0.mp3" />
      <file href="story_content/5bCD8fPUYQX_44100_16_0.mp3" />
      <file href="mobile/62EmcwNaRzC_10_P_0_0_2048_1158_DX1440_DY1440_CX1510_CY854.jpg" />
      <file href="story_content/6iFuc83BOrn_44100_16_0.mp3" />
      <file href="mobile/5cnToAcGXuk_10_DX1408_DY1408_CX635_CY1476.png" />
      <file href="mobile/6gtRpJ4YoPS_10_DX1440_DY1440_CX1509_CY849.jpg" />
      <file href="mobile/6FeuMLq7C12_10_DX1080_DY1080_CX1132_CY849.jpg" />
      <file href="story_content/5VrRgqwLWNw_44100_16_0.mp3" />
      <file href="mobile/6IApBDHXzNW_10_DX1150_DY1150_CX363_CY1203.png" />
      <file href="story_content/5gbZDl5l3EZ_44100_16_0.mp3" />
      <file href="story_content/5Zoxcx0rQ6b_44100_16_0.mp3" />
      <file href="mobile/5foLO0PfmvV_X_10_DX1150_DY1150_CX436_CY1205.png" />
      <file href="story_content/5rtWzWUzQE1_44100_16_0.mp3" />
      <file href="story_content/6U4D9qkgL0h_44100_16_0.mp3" />
      <file href="story_content/6Y6tZWy9fl9_44100_16_0.mp3" />
      <file href="story_content/6Mv6gQnVcTr_44100_16_0.mp3" />
      <file href="mobile/62wyM3qYJ4E_10_DX1150_DY1150_CX386_CY1203.png" />
      <file href="story_content/6NIhIAf2cKq_44100_16_0.mp3" />
      <file href="story_content/6j0333ViMhc_44100_16_0.mp3" />
      <file href="story_content/5yGUsR5WOWy_44100_16_0.mp3" />
      <file href="story_content/6SxawgJKdcK_44100_16_0.mp3" />
      <file href="mobile/5ug16HGs6UT_10_P_0_442_2048_1170_DX1440_DY1440_CX1511_CY864.jpg" />
      <file href="story_content/6pZUZ4UW3tH_44100_16_0.mp3" />
      <file href="mobile/6h1ndXmH2nk_10_DX1408_DY1408_CX549_CY1476.png" />
      <file href="story_content/6GQJTpeQFzP_44100_16_0.mp3" />
      <file href="mobile/6MifWubP7nx_10_DX1150_DY1150_CX581_CY1206.png" />
      <file href="story_content/5qEKUsI1Qnx_44100_16_0.mp3" />
      <file href="story_content/6mMNKk84nyd_44100_16_0.mp3" />
      <file href="mobile/6EqgXUR0nof_X_10_DX1150_DY1150_CX346_CY1201.png" />
      <file href="story_content/5o7dBwcehuv_44100_16_0.mp3" />
      <file href="story_content/6alti3GItO2_44100_16_0.mp3" />
      <file href="story_content/5p6nWX730rm_44100_16_0.mp3" />
      <file href="mobile/5rkGppKepAh_10_P_0_264_2048_1171_DX1440_DY1440_CX1510_CY864.jpg" />
      <file href="story_content/6bQkkYmhXbX_44100_16_0.mp3" />
      <file href="mobile/5YUNblmcWHr_10_DX1150_DY1150_CX423_CY1205.png" />
      <file href="story_content/5tYB2eDvKvP_44100_16_0.mp3" />
      <file href="story_content/5ggUOrr2ERo_44100_16_0.mp3" />
      <file href="mobile/5g5Jd8PRxtY_X_10_DX1150_DY1150_CX346_CY1205.png" />
      <file href="story_content/5lCq4e5KVQk_44100_16_0.mp3" />
      <file href="story_content/65bk863bDCp_44100_16_0.mp3" />
      <file href="story_content/6hMnRVq7vvx_44100_16_0.mp3" />
      <file href="mobile/6AuBbNMowGN_10_P_674_226_466_288_DX956_DY956_CX243_CY150.jpg" />
      <file href="mobile/5lXAh96E92a_10_P_647_249_393_245_DX1132_DY1132_CX242_CY151.jpg" />
      <file href="mobile/5XRaKZ9pM6W_10_P_726_246_442_273_DX1008_DY1008_CX243_CY150.jpg" />
      <file href="mobile/6OZeAnZTIcb_10_P_743_290_462_281_DX962_DY962_CX243_CY148.jpg" />
      <file href="mobile/5wQcjd744N9_10_P_898_229_437_266_DX1018_DY1018_CX243_CY148.jpg" />
      <file href="story_content/6DOI4bCvEDq_44100_16_0.mp3" />
      <file href="story_content/6S9XXENeaaN_44100_16_0.mp3" />
      <file href="mobile/5nHUNzk2Xsz_10_DX246_DY246_CX249_CY256.png" />
      <file href="mobile/5WfiIx5Tmg9_10_DX132_DY132_CX137_CY130.png" />
      <file href="story_content/6TEzATSttjb_44100_16_0.mp3" />
      <file href="meta.xml" />
      <file href="story_content/user.js" />
      <file href="mobile/Shape6D7kqKMbpF3.png" />
      <file href="mobile/Shape6DUoiUMGJZx.png" />
      <file href="mobile/Shape6PiKz75LKt2.png" />
      <file href="mobile/Shape5cJhPrbqCQu.png" />
      <file href="mobile/Shape6Hb4NXJhTGg.png" />
      <file href="mobile/Shape5vn6dJezZQy.png" />
      <file href="mobile/Shape6eyDUiYeSS8.png" />
      <file href="mobile/Shape6ILlp7sx3w2.png" />
      <file href="mobile/Shape6Bkz2bagxn2.png" />
      <file href="mobile/Shape5bYIgEvUvcB.png" />
      <file href="mobile/Shape6brFC3WUf6C.png" />
      <file href="mobile/Shape5vlloDFperf.png" />
      <file href="mobile/Shape5rkLrsVFeG5.png" />
      <file href="mobile/Shape5Z2jf2MmgSV.png" />
      <file href="mobile/Shape6UXHJ4iHNdl.png" />
      <file href="mobile/Shape5bpI3okKwQa.png" />
      <file href="mobile/Shape6GNraFFEdjw.png" />
      <file href="mobile/Shape6ZN5Sd5519y.png" />
      <file href="mobile/Shape632ZLzS4VHH.png" />
      <file href="mobile/Shape5cFYnmM4Sro.png" />
      <file href="mobile/txt__default_5nAIevJgNFa.png" />
      <file href="mobile/txt__default_5egKB51k7km.png" />
      <file href="mobile/txt__default_6oJQc7GR34B.png" />
      <file href="mobile/Shape6YulEijD0Cv.png" />
      <file href="mobile/Shape5kyhC8RuwK1.png" />
      <file href="mobile/Shape6fzwcNFYsMy.png" />
      <file href="mobile/Shape5vNSlYLNAnA.png" />
      <file href="mobile/Shape6L2awWhrxiP.png" />
      <file href="mobile/txt__default_60WdClt7WeK.png" />
      <file href="mobile/Shape5tGFULcbnhQ.png" />
      <file href="mobile/Shape6kV6PV6hKT1.png" />
      <file href="mobile/Shape5XpsVI6ASUZ.png" />
      <file href="mobile/Shape64FSIFtBP4o.png" />
      <file href="mobile/Shape5rh4VnNhbCG.png" />
      <file href="mobile/Shape6XGpdohrnMx.png" />
      <file href="mobile/Shape6bWc3cMElAK.png" />
      <file href="mobile/Shape5naF895N328.png" />
      <file href="mobile/Shape6F8qhD1hvjj.png" />
      <file href="mobile/Shape5vsAXybnROt.png" />
      <file href="mobile/txt__default_65NJZOvpCmr.png" />
      <file href="mobile/Shape5cIpSQ3PaQB.png" />
      <file href="mobile/txt__default_6S6uw5i2um0.png" />
      <file href="mobile/Shape6G52AmCQrz9.png" />
      <file href="mobile/Shape6B1s1MToNgt.png" />
      <file href="mobile/Shape5lTuRTkNqZc.png" />
      <file href="mobile/Shape6ckPUuz9dTV.png" />
      <file href="mobile/Shape6iOOHCUCmUS.png" />
      <file href="mobile/Shape5a7ZZdH2XZX.png" />
      <file href="mobile/Shape5v1XolB0K2Y.png" />
      <file href="mobile/Shape6Gu8GnYTEyk.png" />
      <file href="mobile/Shape5qYuxNiwWMl.png" />
      <file href="mobile/Shape6HO5try80TG.png" />
      <file href="mobile/Shape63rvT6fC9Eb.png" />
      <file href="html5/data/css/output.min.css" />
      <file href="html5/data/js/5a3JYz83klG.js" />
      <file href="html5/data/js/5aDAMZ5UEsW.js" />
      <file href="html5/data/js/5aLfrMZVuhq.js" />
      <file href="html5/data/js/5axrY2G2Dxz.js" />
      <file href="html5/data/js/5bdux3vCRNY.js" />
      <file href="html5/data/js/5dQMdRkp0fw.js" />
      <file href="html5/data/js/5dQNNyVvTvW.js" />
      <file href="html5/data/js/5dsZhLKZmbW.js" />
      <file href="html5/data/js/5ewDTTeCQ6S.js" />
      <file href="html5/data/js/5fxc9gtqhs7.js" />
      <file href="html5/data/js/5fzmd6zHDFU.js" />
      <file href="html5/data/js/5iBApkAtmR2.js" />
      <file href="html5/data/js/5jCoChWJeMC.js" />
      <file href="html5/data/js/5kTR915uolf.js" />
      <file href="html5/data/js/5l5yDHoZQe6.js" />
      <file href="html5/data/js/5lr42WQyqpl.js" />
      <file href="html5/data/js/5lSKeLARY23.js" />
      <file href="html5/data/js/5mMMNx2qu6O.js" />
      <file href="html5/data/js/5mtS0c1rVCz.js" />
      <file href="html5/data/js/5n0kC09dGAL.js" />
      <file href="html5/data/js/5n1K4vV5Pfw.js" />
      <file href="html5/data/js/5p9012Ng1eS.js" />
      <file href="html5/data/js/5r4ukSF10OV.js" />
      <file href="html5/data/js/5sulQZNHDMw.js" />
      <file href="html5/data/js/5uBL0sdrz9h.js" />
      <file href="html5/data/js/5xf5wuilc3C.js" />
      <file href="html5/data/js/5xjBgQt0xKm.js" />
      <file href="html5/data/js/5XQWdGmJnSY.js" />
      <file href="html5/data/js/5ywMAjN0OOS.js" />
      <file href="html5/data/js/5ZfLsvye2rY.js" />
      <file href="html5/data/js/5ZOj5r1F7Op.js" />
      <file href="html5/data/js/5ZZeX3ByMA4.js" />
      <file href="html5/data/js/61E4jYjG8lT.js" />
      <file href="html5/data/js/63iS9R1DGP3.js" />
      <file href="html5/data/js/63nlGZtc9YF.js" />
      <file href="html5/data/js/65fRR0FI9wS.js" />
      <file href="html5/data/js/66gyxMp3sVQ.js" />
      <file href="html5/data/js/66uO4Gk1hHR.js" />
      <file href="html5/data/js/67SidWt33VL.js" />
      <file href="html5/data/js/682R31adgNd.js" />
      <file href="html5/data/js/6AhxE3Suwt0.js" />
      <file href="html5/data/js/6At2N4KnHGZ.js" />
      <file href="html5/data/js/6bfPFOU70lP.js" />
      <file href="html5/data/js/6BUdzAuKIrI.js" />
      <file href="html5/data/js/6dhDGw23EXE.js" />
      <file href="html5/data/js/6dTLQg637Eu.js" />
      <file href="html5/data/js/6EY8J6nT3bO.js" />
      <file href="html5/data/js/6f3k6dBWQNG.js" />
      <file href="html5/data/js/6F5Mz1aQvir.js" />
      <file href="html5/data/js/6GCvYuY8rdO.js" />
      <file href="html5/data/js/6HBOXcWG5iB.js" />
      <file href="html5/data/js/6HJjlNDaMmk.js" />
      <file href="html5/data/js/6hRZWGSmj7q.js" />
      <file href="html5/data/js/6I4bGDPjkwf.js" />
      <file href="html5/data/js/6iDxqTlKUej.js" />
      <file href="html5/data/js/6ijHP2vxAso.js" />
      <file href="html5/data/js/6JAqtehG03r.js" />
      <file href="html5/data/js/6jjMrn2Zjj6.js" />
      <file href="html5/data/js/6kqLVzX4EwU.js" />
      <file href="html5/data/js/6Lx1igXrBO2.js" />
      <file href="html5/data/js/6LZ9DKD5bG2.js" />
      <file href="html5/data/js/6n3UcAYBjHO.js" />
      <file href="html5/data/js/6NbJC6imElb.js" />
      <file href="html5/data/js/6NRMLiXwqFz.js" />
      <file href="html5/data/js/6Ny0d499RPs.js" />
      <file href="html5/data/js/6O09IXdRcMJ.js" />
      <file href="html5/data/js/6OAYaBMpYkK.js" />
      <file href="html5/data/js/6oleLfXBIs2.js" />
      <file href="html5/data/js/6op3y3khzrv.js" />
      <file href="html5/data/js/6oSHNgm9kD5.js" />
      <file href="html5/data/js/6oxgvNjfyeo.js" />
      <file href="html5/data/js/6p5HksdfZbH.js" />
      <file href="html5/data/js/6PptDZDxvTi.js" />
      <file href="html5/data/js/6QbgsUfasBJ.js" />
      <file href="html5/data/js/6QjO6aePm8k.js" />
      <file href="html5/data/js/6rIkaHbmot6.js" />
      <file href="html5/data/js/6RoLfXUqN0Z.js" />
      <file href="html5/data/js/6SUCaeMGjjZ.js" />
      <file href="html5/data/js/6Ta9GuS5Yqa.js" />
      <file href="html5/data/js/6Wr8Vqa02eC.js" />
      <file href="html5/data/js/6WTv3F5qwJV.js" />
      <file href="html5/data/js/6YqeqUZLjsH.js" />
      <file href="html5/data/js/6YQqE7V9qiK.js" />
      <file href="html5/data/js/data.js" />
      <file href="html5/data/js/frame.js" />
      <file href="html5/data/js/paths.js" />
      <file href="html5/lib/scripts/bootstrapper.min.js" />
      <file href="html5/lib/scripts/frame.desktop.min.js" />
      <file href="html5/lib/scripts/frame.mobile.min.js" />
      <file href="html5/lib/scripts/slides.min.js" />
      <file href="html5/lib/stylesheets/desktop.min.css" />
      <file href="html5/lib/stylesheets/mobile.min.css" />
      <file href="html5/lib/stylesheets/mobile-fonts/open-sans-bold.woff" />
      <file href="html5/lib/stylesheets/mobile-fonts/open-sans-light.woff" />
      <file href="html5/lib/stylesheets/mobile-fonts/open-sans-regular.woff" />
      <file href="analytics-frame.html" />
      <file href="story.html" />
      <file href="index_lms.html" />
      <file href="lms/AICCComm.html" />
      <file href="lms/blank.html" />
      <file href="lms/browsersniff.js" />
      <file href="lms/goodbye.html" />
      <file href="lms/scormdriver.js" />
    </resource>
  </resources>
</manifest>